,cell_0_3,cell_1_3,cell_2_3,cell_3_3,cell_4_3,cell_5_3,cell_6_3,cell_7_3,cell_8_3,cell_9_3,cell_10_3,cell_11_3,cell_12_3,cell_13_3,cell_14_3,cell_15_3,cell_16_3,cell_17_3,cell_18_3,cell_19_3
gene_0,0.8638520718264605,2.100295998400367,0.7067296949718459,0.06691004602426859,0.5223471479925238,2.0788733856805597,0.7455509415518186,1.2457811938978902,0.5367278331896951,0.14176174837854583,0.4503230950232426,0.6862068793712321,0.4409654384809777,0.8060312601247552,1.5171574784991744,0.9972537330502019,0.45502266526011814,0.4270716542431615,0.30238556934924193,1.2235196332257046
gene_1,0.36909152138787255,2.061093729503787,0.3051803885937966,0.9888892593145411,1.5253324961271524,0.17413142822046956,2.419617718796533,0.40733908975178484,0.15059931606338886,1.5441190737267898,0.07333220840388471,0.742418661324543,0.528908024041032,0.46125625404693604,0.701823379007084,0.8823312272162362,1.2105701969107596,0.7908890375600557,0.508084266504683,1.7778428614104869
