,cell_0_3,cell_1_3,cell_2_3,cell_3_3,cell_4_3,cell_5_3,cell_6_3,cell_7_3,cell_8_3,cell_9_3,cell_10_3,cell_11_3,cell_12_3,cell_13_3,cell_14_3,cell_15_3,cell_16_3,cell_17_3,cell_18_3,cell_19_3
gene_0,0.9361172333506405,0.7683577984781775,0.26976070265734137,0.7152897022408367,0.13355823222775204,1.4644177462426728,0.44873354605217464,0.7200149767191198,0.40640257399328905,0.0320603439051414,0.29919626006741634,0.020082123889154098,1.010905452466323,0.036706675410806966,1.562785728173575,0.7360428960555242,0.9492516284545592,1.177027427161781,0.4141594482118055,0.489451975367251
gene_1,0.38459961967381967,0.8033243405375173,0.7369354070101335,0.5773880312541824,1.3476085453449318,0.1352448805749003,0.9991409704788374,0.14389924046984096,0.2524654237143115,0.16020096516735813,0.7837667515621193,1.3128907187039196,0.17495920400098425,1.592341835303741,0.16714822997670736,0.7385993573849425,1.7388699735930415,0.36855664880532324,0.6611801773254525,1.0294621470446312
