,cell_0_1,cell_1_1,cell_2_1,cell_3_1,cell_4_1,cell_5_1,cell_6_1,cell_7_1,cell_8_1,cell_9_1,cell_10_1,cell_11_1,cell_12_1,cell_13_1,cell_14_1,cell_15_1,cell_16_1,cell_17_1,cell_18_1,cell_19_1
gene_0,0.11305179102715116,1.1015875020321322,0.1862319179930494,0.6876195875627767,0.4331983475106457,0.18711914390793055,0.6894128941942008,0.7523778619404369,2.438980058794392,2.613233854441306,1.551544065272401,1.5195271315900074,1.3298379286577735,0.2891957187028021,0.4468571200986259,1.3139209201622732,1.5155660080747309,0.023294200772432994,1.229379037707502,1.0831619152207286
gene_1,0.8072392022153424,0.6322008368572204,2.268541429651193,0.2450104333741733,0.08244069474187898,1.1724863067676659,0.24728180958396506,0.06602003088319344,0.5618096480321682,0.782243983238168,0.8457452611857041,0.11770266249960964,1.3781354471154246,0.6672157635305909,0.14016097628075794,0.0003870426645209979,0.7176930499328389,0.6062472138407297,0.31517124185928236,0.43050408483654856
