,cell_0_1,cell_1_1,cell_2_1,cell_3_1,cell_4_1,cell_5_1,cell_6_1,cell_7_1,cell_8_1,cell_9_1,cell_10_1,cell_11_1,cell_12_1,cell_13_1,cell_14_1,cell_15_1,cell_16_1,cell_17_1,cell_18_1,cell_19_1
gene_0,1.1543527900329238,0.3891335832770607,0.2781936343197957,0.5584339811508956,0.7768680759288656,0.2985692996708536,0.43259962715394873,1.2804257644604764,0.5672814727865682,1.737798378998145,0.6625870151557427,0.2864354730750273,1.0392949841135526,0.019250513769629773,0.2911251420300881,1.3627048286228767,0.47180533407467673,0.37029067257979836,0.896544941432769,0.5125411746056482
gene_1,0.8033137383384663,0.369397388830836,1.0482365829285345,0.38602120745679036,1.398270888538462,1.234088536187118,0.6985306609880709,0.5472074902785898,0.29937457116273114,0.7780386154500628,0.7171319509189753,0.17269282837885092,0.7675323466246554,0.38084309454392906,0.4950632180905832,0.6961458988651832,0.29396846177039193,0.12957760816526656,0.6201846596698797,0.858787331703159
