,cell_0_0,cell_1_0,cell_2_0,cell_3_0,cell_4_0,cell_5_0,cell_6_0,cell_7_0,cell_8_0,cell_9_0,cell_10_0,cell_11_0,cell_12_0,cell_13_0,cell_14_0,cell_15_0,cell_16_0,cell_17_0,cell_18_0,cell_19_0
gene_0,1.0271461901823082,4.94529994658241,2.118655979113357,2.4178857977454156,2.931069472779855,2.3245356929206102,4.269120087572722,0.5482004898193549,0.7538895239915061,1.1272897916286078,0.9910426233524156,3.4628214755043114,1.5343255938201934,0.7836128621531996,0.3459510762206841,2.743904780196305,3.5998448104304783,4.980415717231344,3.4417510377427947,2.4378272949574944
gene_1,4.032260976891268,4.960422034759133,4.446301571731138,4.9002585299879415,0.6391717413360148,2.250904641908239,3.7579825772386406,0.1251475106900779,4.5000579691818885,3.919463271338495,3.82704529592014,1.9757481233701775,4.916592555204513,1.0268384396533803,1.604892905521011,4.133342676678418,4.3664021029956395,2.1577663821055166,1.31143337518566,2.015856615934326
