,cell_0_5,cell_1_5,cell_2_5,cell_3_5,cell_4_5,cell_5_5,cell_6_5,cell_7_5,cell_8_5,cell_9_5,cell_10_5,cell_11_5,cell_12_5,cell_13_5,cell_14_5,cell_15_5,cell_16_5,cell_17_5,cell_18_5,cell_19_5
gene_0,0.16384704761344737,0.4234984456080414,0.21110165554675248,0.7600188998875752,1.8982596517604073,0.48188590960947264,0.6656757786689886,0.4366956195712045,0.621134049837039,1.5677573381910193,0.7782051656481441,0.3363842676363622,0.9141023928545663,0.17429920459794013,0.9848769517674671,0.6853747151941342,0.4324409693781078,1.1185563569889097,0.5091628876104579,0.5205585635221993
gene_1,0.014740480554679913,2.396181021743695,1.1051820201044762,1.2332814987774987,0.9143913991292485,1.3696824154542118,0.9237591866441915,0.5278036383863067,0.31192419426330303,1.4211467850627202,2.902503024703033,0.9845346030654306,2.3367998221070962,1.085998137359947,0.708131342287393,0.16227550737394808,0.5446849597084134,0.46974288700887173,0.19540771383269084,1.8781942396464797
