,cell_0_5,cell_1_5,cell_2_5,cell_3_5,cell_4_5,cell_5_5,cell_6_5,cell_7_5,cell_8_5,cell_9_5,cell_10_5,cell_11_5,cell_12_5,cell_13_5,cell_14_5,cell_15_5,cell_16_5,cell_17_5,cell_18_5,cell_19_5
gene_0,0.3334567160224503,0.5427320344058078,0.6826767700400003,0.6254467403175703,1.6289710924339063,0.8705416307088151,0.5514303107664503,0.7687542263556462,0.6487825093945663,1.0787205211089321,0.9398307169439926,0.6741771519004468,0.2530293742664774,0.7944184315108078,0.20294530538911776,0.10205699349196184,0.19946907488089224,0.06775638094814916,1.3556039217733828,0.9980687626532018
gene_1,0.9678817490210074,1.670659534826793,0.7811326639278582,0.7458117112711345,0.5918077298185808,0.8275704828750704,1.1100033901170994,0.4663360807118355,0.21730848243054832,1.344012522995798,1.2428399069980134,0.6273463790836922,0.6261096111834404,0.6968334318730156,1.2806956323434373,0.2799394163121079,1.542710554331909,0.5870984990300859,0.8511673433722826,0.4179973563580724
