,cell_0_2,cell_1_2,cell_2_2,cell_3_2,cell_4_2,cell_5_2,cell_6_2,cell_7_2,cell_8_2,cell_9_2,cell_10_2,cell_11_2,cell_12_2,cell_13_2,cell_14_2,cell_15_2,cell_16_2,cell_17_2,cell_18_2,cell_19_2
gene_0,0.9180479138643319,0.7028853365736709,0.2758801867128115,0.6498857578072464,0.009484712728385664,1.472308093463222,0.5980137354781749,1.652575024091521,0.9442995142601673,0.6616244119364296,0.14490512394562188,0.6560540328847275,1.8922543941348806,0.8686910351144916,0.04223397750792396,2.0260979830062844,0.39618662731987236,0.23121199367121556,0.033443222184932786,0.8163611175190826
gene_1,0.5793084879268273,0.13959170503112361,1.2235364346208781,0.6214526265857255,0.41323978557903207,1.098288937212191,1.1998311083321775,0.4545065741463651,0.9639586880708717,0.9171103682053646,0.8662570253141484,0.44462044207872475,0.36401412503931,1.0158869177610437,1.7301512477819165,1.9955946732978818,0.2041981910942765,0.21215376577585887,0.6983456100213544,1.717594937173837
