,cell_0_2,cell_1_2,cell_2_2,cell_3_2,cell_4_2,cell_5_2,cell_6_2,cell_7_2,cell_8_2,cell_9_2,cell_10_2,cell_11_2,cell_12_2,cell_13_2,cell_14_2,cell_15_2,cell_16_2,cell_17_2,cell_18_2,cell_19_2
gene_0,0.8959983922193798,0.9598832293721884,0.0015457630460745109,0.10479887320120884,0.5618896275887325,1.559350105118077,1.0795771555695781,1.1763804883997786,0.9356214780689102,0.2645807304388993,0.11038367792735751,0.8903512777912582,0.38888546189035733,0.5654252093562221,1.4531821565612242,1.0822336461833202,0.013169905073295907,0.41191158894217733,0.35775497391508126,0.1317403537204868
gene_1,0.9331755789001898,1.2460755463614597,0.3231061252622379,0.6115508039755517,1.3267123954992934,0.6298477334436988,0.4026786210462711,0.6639910079375215,0.9580021583169648,0.6437342330357376,0.5353644337246137,0.7781377503500679,0.06494830497811527,0.61592917918745,0.849547410980462,1.1428315738953285,0.23109801225942356,0.01151330471983808,1.2956084243730053,1.0325736959874487
