,cell_0_4,cell_1_4,cell_2_4,cell_3_4,cell_4_4,cell_5_4,cell_6_4,cell_7_4,cell_8_4,cell_9_4,cell_10_4,cell_11_4,cell_12_4,cell_13_4,cell_14_4,cell_15_4,cell_16_4,cell_17_4,cell_18_4,cell_19_4
gene_0,1.6185063993165048,0.8393275969223155,0.6173302208166025,0.5631988998794111,0.03549294512273879,0.9389373672022944,0.8024465088014778,0.3363849671086955,0.6774480880206107,0.11188216049114719,1.1103731329815176,0.0010276978694463978,0.6336629099947481,0.5444763803471744,0.8816746878950499,1.3092698023769347,1.1632467890722173,1.1733869851312717,1.733699485080874,0.6747514381425616
gene_1,1.089514265785636,0.8837998855672343,0.4183734865743683,1.9824843031862514,0.9468540824189768,0.5085086077417169,0.24735976683841318,1.1092777306194999,0.9484945532461975,0.5841542645754899,0.7775440244603077,0.7781638614870748,1.003675464738659,0.5346228435574428,0.6622099278393001,1.603809628868484,2.3072574907073466,0.45252272836840923,1.0546957732135886,0.8441920977663027
