,cell_0_4,cell_1_4,cell_2_4,cell_3_4,cell_4_4,cell_5_4,cell_6_4,cell_7_4,cell_8_4,cell_9_4,cell_10_4,cell_11_4,cell_12_4,cell_13_4,cell_14_4,cell_15_4,cell_16_4,cell_17_4,cell_18_4,cell_19_4
gene_0,0.4771861705316105,0.7713257035842211,0.2591453931877984,0.1290743878043243,0.03187143368018305,1.2502656093496876,0.29045074864781445,0.3340421651598759,0.6836397179854645,0.8338051441757048,0.2863449410905024,0.9418973999911887,0.8759148130415166,0.3291254720056271,0.9987743787559982,1.1667521225320785,0.7075374199050674,0.5655126298664941,1.49009043413157,0.2461100933419762
gene_1,1.5337019151538813,0.6408105942104595,0.27366017965855877,1.1078179123300742,0.6060790606555599,0.668608874321905,0.8123836924275,0.2544281995459966,0.05146914870371666,0.8203402142476462,1.041518320289578,0.1803399774278207,0.8808586803737535,0.986860436349789,1.2627888360422321,1.0682199323396668,1.0635748153069111,0.2768750652229427,0.25940966915772734,0.5992289009677465
